chain,position,wt,mut
A,30,F,A
A,30,F,C
A,30,F,D
A,30,F,E
A,30,F,G
A,30,F,H
A,30,F,I
A,30,F,K
A,30,F,L
A,30,F,M
A,30,F,N
A,30,F,P
A,30,F,Q
A,30,F,R
A,30,F,S
A,30,F,T
A,30,F,V
A,30,F,W
A,30,F,Y
A,31,K,A
A,31,K,C
A,31,K,D
A,31,K,E
A,31,K,F
A,31,K,G
A,31,K,H
A,31,K,I
A,31,K,L
A,31,K,M
A,31,K,N
A,31,K,P
A,31,K,Q
A,31,K,R
A,31,K,S
A,31,K,T
A,31,K,V
A,31,K,W
A,31,K,Y
A,32,Q,A
A,32,Q,C
A,32,Q,D
A,32,Q,E
A,32,Q,F
A,32,Q,G
A,32,Q,H
A,32,Q,I
A,32,Q,K
A,32,Q,L
A,32,Q,M
A,32,Q,N
A,32,Q,P
A,32,Q,R
A,32,Q,S
A,32,Q,T
A,32,Q,V
A,32,Q,W
A,32,Q,Y
A,33,Y,A
A,33,Y,C
A,33,Y,D
A,33,Y,E
A,33,Y,F
A,33,Y,G
A,33,Y,H
A,33,Y,I
A,33,Y,K
A,33,Y,L
A,33,Y,M
A,33,Y,N
A,33,Y,P
A,33,Y,Q
A,33,Y,R
A,33,Y,S
A,33,Y,T
A,33,Y,V
A,33,Y,W
A,34,A,C
A,34,A,D
A,34,A,E
A,34,A,F
A,34,A,G
A,34,A,H
A,34,A,I
A,34,A,K
A,34,A,L
A,34,A,M
A,34,A,N
A,34,A,P
A,34,A,Q
A,34,A,R
A,34,A,S
A,34,A,T
A,34,A,V
A,34,A,W
A,34,A,Y
A,36,D,A
A,36,D,C
A,36,D,E
A,36,D,F
A,36,D,G
A,36,D,H
A,36,D,I
A,36,D,K
A,36,D,L
A,36,D,M
A,36,D,N
A,36,D,P
A,36,D,Q
A,36,D,R
A,36,D,S
A,36,D,T
A,36,D,V
A,36,D,W
A,36,D,Y
A,37,N,A
A,37,N,C
A,37,N,D
A,37,N,E
A,37,N,F
A,37,N,G
A,37,N,H
A,37,N,I
A,37,N,K
A,37,N,L
A,37,N,M
A,37,N,P
A,37,N,Q
A,37,N,R
A,37,N,S
A,37,N,T
A,37,N,V
A,37,N,W
A,37,N,Y
A,38,G,A
A,38,G,C
A,38,G,D
A,38,G,E
A,38,G,F
A,38,G,H
A,38,G,I
A,38,G,K
A,38,G,L
A,38,G,M
A,38,G,N
A,38,G,P
A,38,G,Q
A,38,G,R
A,38,G,S
A,38,G,T
A,38,G,V
A,38,G,W
A,38,G,Y
A,39,V,A
A,39,V,C
A,39,V,D
A,39,V,E
A,39,V,F
A,39,V,G
A,39,V,H
A,39,V,I
A,39,V,K
A,39,V,L
A,39,V,M
A,39,V,N
A,39,V,P
A,39,V,Q
A,39,V,R
A,39,V,S
A,39,V,T
A,39,V,W
A,39,V,Y
A,40,D,A
A,40,D,C
A,40,D,E
A,40,D,F
A,40,D,G
A,40,D,H
A,40,D,I
A,40,D,K
A,40,D,L
A,40,D,M
A,40,D,N
A,40,D,P
A,40,D,Q
A,40,D,R
A,40,D,S
A,40,D,T
A,40,D,V
A,40,D,W
A,40,D,Y
A,43,W,A
A,43,W,C
A,43,W,D
A,43,W,E
A,43,W,F
A,43,W,G
A,43,W,H
A,43,W,I
A,43,W,K
A,43,W,L
A,43,W,M
A,43,W,N
A,43,W,P
A,43,W,Q
A,43,W,R
A,43,W,S
A,43,W,T
A,43,W,V
A,43,W,Y
